comment	rating
Nghiá»‡n cf tháº¥y thÆ¡m, trÃªn bao cÃ³ lá»— nhá» ko biáº¿t bá»‹ gÃ¬ hay kiá»ƒu nÃ³ tháº¿	5
Sáº£n pháº©m cháº¥t lÆ°Æ¡ng hÃ¬nh áº£nh chá»‰ mang tÃ­nh cháº¥t spsksjsjskkssmnssnsbvdbÄ‘m	5
ThÆ°Æ¡ng hiá»‡u cao cáº¥p mÃ  gÃ­ thÃ nh láº¡i há»£p lÃ½ vÃ o thá»i Ä‘iá»ƒm nÃ y. Phá»¥c vá»¥ chuyÃªn nghiÃªp. ÄÃ£ mua máº¥y láº§n vÃ  ko cÃ³ gÃ¬ Ä‘á»ƒ bÃ n. 5 sao	5
CÃ  phÃª bÃ³c ra cÃ³ mÃ¹i ráº¥t thÆ¡m cá»±c ká»³ háº¥p dáº«n. CÃ  phÃª cÃ³ vá»‹ Ä‘áº¯ng cá»§a Robusta uá»‘ng ngon vÃ  khÃ´ng cÃ³ cáº£m giÃ¡c bá»‹ pha táº¡p nhÆ° cÃ  phÃª Trung NguyÃªn.  MÃ¬nh mua Ä‘Æ°á»£c lÃºc giÃ¡ sale nÃªn mÃ¬nh tháº¥y giÃ¡ quÃ¡ ráº» so vá»›i cháº¥t lÆ°á»£ng. Tiáº¿c lÃ  khÃ´ng Ä‘áº·t luÃ´n 2 kg. Muá»‘n mua thÃªm nhÆ°ng háº¿t sale Ä‘Ã nh uá»‘ng vÃ  canh sale trong lÃºc chÆ°a uá»‘ng háº¿t váº­y  :)	5
Tuy ráº±ng mua hÃ ng online, nhÆ°ng hÃ ng Ä‘Ãºng chuáº©n cÃ  phÃª highlands mÃ¬nh yÃªu thÃ­ch nháº¥t, mÃ¹a dá»‹ch chá»‰ cáº§n á»Ÿ Ä‘áº·t hÃ ng tiki giao táº­n nÆ¡i, cÃ²n gÃ¬ báº±ng ná»¯a cáº£ nhÃ  Æ¡i ?	5
ThÃ¹ng hÃ ng giao bá»‹ rÃ¡ch, bao cf cÅ©ng bá»‹ rÃ¡ch, cf Ä‘á»• ra thÃ¹ng hÃ ng! Ráº¥t tháº¥t vá»ng	5
HÃ ng giao nhanh, sáº£n pháº©m Ä‘Ãºng nhÆ° trong mÃ´ táº£, Ä‘Ã³ng gÃ³i Ä‘áº¹p, cháº¥t lÆ°á»£ng.	5
Cháº¥t lÆ°á»£ng cÃ  phÃª uá»‘ng Ä‘Æ°á»£c, Ä‘áº­m Ä‘Ã , loáº¡i robusta, giÃ¡ bÃ¬nh dÃ¢n vá»«a pháº£i. MÃ¹a dá»‹ch pháº£i  á»Ÿ nhÃ  lÃ m viá»‡c, tá»± pha cÃ  phÃª, cháº¥t lÆ°á»£ng vÃ  giÃ¡ nhÆ°  vÃ¢y lÃ  á»•n. TÃ´i Ä‘Ã£ Ä‘áº·t mua thÃªm bá»‹ch thá»© hai.	5
ÄÃ³ng gÃ³i Ä‘áº¹p. Giao hÃ ng uy tÃ­n. CÃ²n ngon hay dá»Ÿ tuá»³ kháº©u vá»‹ ná»—i ngÆ°á»i :3 so vá»›i giÃ¡ thÃ nh thÃ¬ Ä‘Ã¢y lÃ  sá»± lá»±a chá»n cháº¥t lÆ°á»£ng nháº¥t	5
dá»‹ch bá»‡nh giÃ£n cÃ¡ch xÃ£ há»™i mÃ  tiki ship siÃªu nhanh ğŸ¥° cÃ  phÃª thÆ¡m lá»«ng vÃ  cháº¥t bá»™t bÃ´ng nháº¹ khÃ´ng vÃ³n, cháº¥t lÆ°á»£ng ğŸ‘ğŸ»ğŸ‘ğŸ»ğŸ‘ğŸ»	5
Giao hÃ ng nhanh trong lÃºc khÃ³ khÄƒn. HÃ ng cá»§a tiki trading nÃªn Ä‘Ã³ng gÃ³i ká»¹ cÃ ng, cháº¥t lÆ°á»£ng tin tÆ°á»Ÿng. Anh shipper thÃ¢n thiá»‡n nhiá»‡t tÃ¬nh.	5
"Bao bÃ¬ Ä‘áº¹p, Ä‘Ã³ng gÃ³i xá»‹n, ship nhanh.
Äáº·t 1kg mÃ  to hÆ¡n mÃ¬nh nghÄ©, nhÆ° bao gáº¡o váº­y :)) cÃ²n Ä‘c táº·ng thÃªm gÃ³i nhá» ná»¯a. mÃ¬nh váº«n k biáº¿t 2 loáº¡i vá» sÃ¡ng mÃ u vá»›i tá»‘i mÃ u khÃ¡c nhau gÃ¬."	5
Thiáº¿u gÃ¬ cÅ©ng Ä‘Æ°á»£c, nhÆ°ng ko thá»ƒ thiáº¿u cÃ  phÃª ngay mÃ¹a dá»‹ch nÃ y! MÃ¬nh Ä‘Ã£ khui ra mÃ¹i ráº¥t thÆ¡m, hÆ¡n háº³n gÃ³i nhá» 200gr! Gu cá»§a mÃ¬nh lÃ  cÃ  phÃª pháº£i thÆ¡m, vá»‹ háº­u ko chua :)	5
Ngon , thÆ¡m , giao hÃ ng nhanh trong 1ná»‘t nháº¡c	5
ÄÃ£ nháº­n Ä‘Æ°á»£c sáº£n pháº©m Ä‘Ãºng nhÆ° mÃ´ táº£. Loáº¡i truyá»n thá»‘ng Highland nhÃ  mÃ¬nh chuyÃªn dÃ¹ng. GiÃ¡ flash sale 183/kg, cÃ²n Ä‘Æ°á»£c táº·ng kÃ¨m tÃºi nhá» 200gram, ráº» hÆ¡n mua á»Ÿ Aeon mall nhiá»u. Cáº£m Æ¡n Tiki.vn ráº¥t nhiá»u!	5
giÃ¡ quÃ¡ ráº» , sáº£n pháº©m chÃ­nh hÃ£ng mÃ  giao nhanh , á»Ÿ nhÃ  chá»‘ng dá»‹ch mÃ  ko lo buá»“n..... ngá»§	5
Giao hÃ ng ráº¥t nhanh máº·c dÃ¹ trong mÃ¹a dá»‹ch, mÃ¬nh ráº¥t thÃ­ch uá»‘ng cf Highland, giá» dá»‹ch fai mua vá» tá»± pha uá»‘ng. Hy vá»ng sáº½ ngon nhÆ° khi uá»‘ng highland;))	5
MÃ¹i vá»‹ thÆ¡m ngon	5
Giao hÃ ng ráº¥t nhanh dÃ¹ trá»i Ä‘ang mÆ°a giÃ³. ÄÃ³ng gÃ³i cÅ©ng siÃªu cáº©n tháº­n	5
sáº£n pháº©m Ä‘Ã³ng gÃ³i cáº©n tháº­n, giao hÃ ng nhanh chÃ³ng Ä‘Æ°á»£c miá»…n phÃ­ quÃ¡ tuyá»‡t vá»i.	5
Tuyá»‡t vá»i, giÃ¡ cáº£ pháº£i chÄƒng. Háº¡n sá»« dá»¥ng cÃ²n má»›i. ÄÃ³ng gÃ³i vÃ  giao hÃ ng cá»±c nhanh 2h mÃ  láº¡i miá»…n phÃ­. Ráº¥t hÃ i lÃ²ng vá»›i sáº£n pháº©m.	5
ÄÃ£ nháº­n Ä‘Æ°á»£c cÃ  phÃª, ráº¥t thÆ¡m luÃ´n. CÃ³ Ä‘iá»u vÃ¬ dá»‹ch nÃªn váº­n chuyá»ƒn khÃ¡ lÃ¢u vÃ  pháº£i Ä‘i lÃªn bÆ°u cá»¥c Ä‘á»ƒ nháº­n.	5
"1. Giao hÃ ng nhanh, thÃ¢n thiá»‡n
2. sp cÃ²n HSD lÃ¢u
3. cháº¥t lÆ°á»£ng thÃ¬ mÃ¬nh lÃ  fan cá»§a highland tá»« lÃ¢u nÃªn ko cÃ²n gÃ¬ Ä‘á»ƒ chÃª hihi"	5
hÃ ng Ä‘Ãºng cháº¥t lÆ°á»£ng, tuy nhiÃªn Ä‘Ã³ng gÃ³i khÃ´ng ká»¹, bao bÃ¬ bá»‹ rÃ¡ch, váº«n Ä‘Ã¡nh giÃ¡ 5*, shop Ä‘á»ƒ Ã½ láº¡i khÃ¢u Ä‘Ã³ng gÃ³i. CÃ¡m Æ¡n.	5
Giao Ä‘Ãºng sáº£n pháº©m. GiÃ¡ ráº» vÃ  cháº¥t lÆ°á»£ng. ÄÃ³ng gÃ³i sáº£n pháº©m cháº¯c cháº¯n. Sáº½ mua tiáº¿p láº§n sau	5
Ngon, vá»‹ mÃ¬n thÃ­ch. Giao hÃ nh nhanh tuÃ¢n thá»§ chá»‘ng dá»‹ch	5
Ráº¥t ngon, há»£p gu mÃ¬nh, Ä‘Ã³ng gÃ³i bao bÃ¬ Ä‘áº¹p, cÃ³ gá»ng kim loáº¡i Ä‘á»ƒ dá»… dÃ ng Ä‘Ã³ng miá»‡ng tÃºi sau khi dÃ¹ng	5
Sáº£n pháº©m nhÆ° mÃ´ táº£, giao hÃ ng nhanh.	5
HÆ°Æ¡ng cÃ  phÃª thÆ¡m ngon Ä‘Ãºng vá»‹ truyá»n thá»‘ng. Tiki giao nhanh, sáº£n pháº©m Ä‘Ã³ng gÃ³i ká»¹ cÃ ng. HÃ i lÃ²ng	5
"Hello nhÃ  cung cáº¥p, cho mÃ¬nh há»i lÃ  Ä‘Æ¡n hÃ ng nÃ y Ä‘Ã£ Ä‘Æ°á»£c há»§y mÃ  mÃ¬nh chÆ°a nháº­n láº¡i khoáº£n tiá»n tráº£ láº¡i. CÃ³ gÃ¬ báº¡n giÃºp mÃ¬nh nha! Thanks báº¡n

SKU:4339225856571"	5
giao nhanh trong 2h hÃ ng gÃ³i ráº¥t Ä‘áº¹p cÃ²n bÃªn trong thÃ¬ chÆ°a má»Ÿ nhÆ°ng shop cÃ³ táº·ng quÃ  nÃªn cÅ©ng ráº¥t zui	5
"Sáº£n pháº©m Ä‘Ãºng máº«u. Date tá»›i thÃ¡ng 11/2022.
Shop phá»¥c vá»¥ nhanh, Ä‘áº·t hÃ´m qua, hÃ´m nay Ä‘Ã£ nháº­n hÃ ng."	5
Cf ngon,máº¡nh, tá»‰nh, giao nhanh, giÃ¡ tá»‘t	5
Giao Nhanh giá»¯a mÃ¹a dá»‹ch mÃ¬nh lo ko cÃ³ hÃ ng bÃ¡n. GiÃ¡ láº¡i ráº» ná»¯a sau láº¡i á»§ng há»™ Tiki	5
Mua cf Ä‘Ãºng Ä‘á»£t mua 1 táº·ng 1 nhÆ°ng khÃ´ng dc táº·ng thÃªm gÃ¬, thÃ¹ng thÃ¬ rÃ¡ch, tiki gÃ³i hÃ ng dáº¡o nÃ y chÃ¡n, riÃªng báº£n thÃ¢n cf váº«n cháº¥t lÆ°á»£ng nha	5
"HÃ ng giao nhanh hÆ¡n dá»± kiáº¿n
giÃ¡ ráº» hÆ¡n sale 9/9
Cháº¥t lÆ°á»£ng thÃ¬ pháº£i thá»­ Ä‘Ã£ ğŸ˜‰"	5
Giá» má»›i biáº¿t cafe hightland cÃ³ trÃªn Tiki. Dá»‹ch mÃ  thÃ¨m cafe thÃ¬ Tiki now trong ngÃ y lÃ  cÃ³ tháº­t lÃ  tuyá»‡t. vÃ´ cÃ¹ng thÃ­ch dá»‹ch vá»¥ tiki now cá»§a tiki.	5
mua dc giÃ¡ km mÃ  cÃ²n dc táº·ng thÃªm gÃ³i nhá» cá»±c há»i luÃ´n.dá»‹ch mÃ  ship siÃªu nhanh	5
Okkkkkkkkkk hÃ ng tá»‘t láº¯m giao hÃ ng hÆ¡i lÃ¢uuuuuuuuuuuuuuuuuuuuuuuuuuuuuuuuuuuuuuuuu	5
ok. thÆ¡m. ngon. cáº£m Æ¡n tiki. ğŸ‘ŒğŸ˜…ğŸ˜­ğŸ™ğŸ ğŸ™ğŸ˜­ğŸ™ğŸ˜‚ğŸ˜­ğŸ™ğŸ˜‚ğŸ™ğŸ ğŸŒ¼ğŸ˜…ğŸ˜‚ğŸ™	5
Giao siÃªu nhanh, sáº£n pháº©m Ä‘Ã³ng bao bÃ¬ Ä‘áº¹p tá»‘t. CÃ  phÃª ráº¥t thÆ¡m, Cáº£m Æ¡n cÃ¡c báº¡n	5
Há»™p hÆ¡i mÃ³p chÃºt nhÆ°ng bÃªn trong cÃ²n nguyÃªn. Date xa ^^ uá»‘ng cháº¯c cáº£ nÄƒm má»›i háº¿t	5
Ä‘Ã£ nháº­n Ä‘Æ°á»£c cÃ  phÃª sau   2 tiáº¿ng Ä‘áº·t, Ä‘Ãºng highlands 1 kg ,Ä‘á»ƒ dÃ¹ng má»›i bik	5
giao nhanh Ä‘Ã³ng gÃ³i kÄ©	5
MÃ¹a dá»‹ch mÃ  giao hÃ ng ráº¥t nhanh luÃ´n, chá»‰ 3 ngÃ y sau khi Ä‘áº·t hÃ ng. Cáº£m Æ¡n Tiki!	5
giao hÃ ng nhanh	5
thÆ¡m ngon	5
chÆ°a dÃ¹ng nÃªn chÆ°a biáº¿t tháº¿ nÃ o. hy vá»ng thÆ¡m ngon Ä‘áº­m Ä‘Ã . giao hÃ ng nhanh	5
ÄÃ£ nháº­n hÃ ng , do dá»‹ch nÃªn hÆ¡i cháº­m . HÃ ng cháº¥t lÆ°á»£ng . Cáº£m Æ¡n	5
cf nÃ y cÃ³ váº» Ä‘en hÆ¡n loáº¡i gÃ³i 200g . khÃ´ng biáº¿t cÃ³ pháº£i chÃ¡y hÆ¡n k	5
Giao hÃ ng nhanh giÃ¡ pháº£i chÄƒng ğŸ˜…ğŸ˜…ğŸ˜… mÃ¹a covid cÃ³ highland uá»‘ng quÃ¡ tuyá»‡t	5
CÃ  phÃª thÆ¡m ngon ráº¥t Ä‘Ã¡ng giÃ¡, giao hÃ ng nhanh dÃ¹ miá»…n phÃ­ ship.	5
má»›i Ä‘áº·t hÃ´m trÆ°á»›c gÃ³i 1kg. hÃ´m sau bÃ¡n láº¡i táº·ng kÃ¨m bá»‹t nhá». uá»•n ghÃª. biáº¿t váº­y mua trá»…. 1kg bá»‹ch hÆ¡i bá»‹ bá»± lun Ã¡	5
ChÆ°a uá»‘ng thá»­ nhÆ°ng tháº¥y to vÃ£i :))))) vá»›i má»™t Ä‘á»©a nghiá»‡n cf nhÆ° mÃ¬nh thÃ¬ tháº¥y sÆ°á»›ng. Hy vá»ng Ä‘Ãºng kháº©u vá»‹ mÃ¬nh muá»‘n	5
Vá»‹ truyá»n thá»‘ng ok. MÃ  pháº£i pha nhiá»u chÃºt, cÃ  phÃª cháº£y hÆ¡i nhanh.	5
	5
ÄÃºng vá»‹ thÃ­ch, khÃ¡ háº¥p dáº«n dÃ¹ pha nhÃ  ko báº±ng á»Ÿ quÃ¡n.	5
Ä‘Ã³ng gÃ³i chuáº©n, giao hÃ ng nhanh, thÃ´ng bÃ¡o trÆ°á»›c khi giao hÃ ng, hÃ ng Ä‘áº¡t yÃªu cáº§u. hÃ i lÃ²ng.	5
Giao nhanh, dong goi can than. Gia tot, cafe uong vua mirng, thom ngon	5
quÃ¡ Æ°ng luÃ´n. Km cÃ²n 160k táº·ng thÃªm bá»‹ch nhá» 40k.	5
Bá»‹ch cafe bá»± cháº£ng, giao hÃ ng nhanh hÆ¡n dá»± kiáº¿n	5
	5
Ship hÃ ng siÃªu nhanh. DÃ¹ dá»‹ch nhÆ°ng 3 ngÃ y Ä‘Ã£ nhÃ¢n Ä‘Æ°á»£c hÃ ng. BÃªn *** cÃ ng giao hÃ ng lÃ¢u láº¯c. Bá»‹ch siÃªu to khá»•ng lá»“ nha.	5
Bá»‹ch 1kg tháº­t nhiá»u, luÃ´n thÃ­ch cafe cá»§a highlands	5
Giao hÃ ng nhanh, Ä‘Ã³ng gÃ³i cáº©n tháº­n, cafe thÆ¡m ngon	5
vá»‹ khÃ¡ Ä‘áº­m phÃ¹ há»£p uá»‘ng cafe phin kiá»ƒu truyá»n thá»‘ng, cafe khÃ¡ thÆ¡m. hÃ ng má»›i sx t8 2021 nÃªn date cÃ²n khÃ¡ dÃ i	5
CÃ  phÃª ngon Ä‘Ã£ sá»­ dá»¥ng nhÃ¬u á»Ÿ táº¡i cá»­a hÃ ng mua á»Ÿ tiki ráº» hÆ¡n, nhiá»u ngÆ°á»i khÃ´ng biáº¿t tháº¥y nÆ°á»›c mÃ u hÆ¡i nháº¡t nhÆ°ng tháº­t sá»± cÃ  phÃª máº¡nh uá»‘ng nhiá»u bá»‹ say luÃ´n	5
chÃº Shipper PhÃº Thuáº­n Q7 cá»§a Tiki xá»‹n thá»±c xá»‹n	5
Shop uy tÃ­n, hÃ ng ngon cháº¥t lÆ°á»£ng.giÃ¡ sÄƒn sale tá»‘t cá»±c kÃ¬	5
cÃ  phÃª thÆ¡m, giao hÃ ng nhanh, sáº½ tiáº¿p tá»¥c á»§ng há»™	5
Cafe Highland luÃ´n ngon, cháº¥t lÆ°á»£ng khá»i bÃ n, giao hÃ ng quÃ¡ lÃ¢u do dá»‹ch nhÆ°ng háº¡n dÃ¹ng váº«n cÃ²n xa nÃªn ok	5
"Giao nhanh lÃ  1 yáº¿u tá»‘ chá»n lá»±a Tiki
Sáº£n pháº©m date má»›i trong vÃ²ng 1 tuáº§n lÃ  niá»m tin vÃ o sáº£n pháº©m"	5
giao Ä‘á»§ hÃ ng Ä‘á»§ loáº¡i giÃ¡ cáº¡nh tranh	5
cÃ  phÃª uá»‘ng phÃª. cáº£m Æ¡n shop vÃ  tiki	5
CÃ  phÃª cÃ³ hÆ°Æ¡ng vá»‹ ráº¥t ngon,Ä‘áº­m Ä‘Ã ğŸ¥°	5
Ä‘Ãºng nhÆ° mÃ´ táº£, luÃ´n tin tÆ°á»Ÿng tiki trading	5
Cafe ráº¥t ngon, thÆ¡m. Pha cold brew cÅ©ng thÆ¡m	5
"Giao cá»±c nhanh luÃ´n áº¡, mÃ¬nh á»Ÿ NhÃ  BÃ¨, mua á»Ÿ Ä‘Ã¢u ng ta cÅ©ng k ship, má»—i Tiki.
Cáº£m Æ¡n Tiki tháº­t nhiá»u áº¡!"	5
giao khÃ¡ lÃ¢u. may hsd lÃ¢u nÃªn ok 5 sao	5
chÆ°a uá»‘ng. giao hÃ ng nhanh. bao bÃ¬ Ä‘áº¹p â¤	5
Giao hÃ ng nhanh, mÄƒc dÃ¹ Ä‘ang giÃ£n cÃ¡ch.	5
HÃ ng chuáº©n cÃ¡c Ã´ng Æ¡i. Date má»›i	5
chÆ°a thá»­ nhÆ°ng nhÃ¬n háº¥p dáº«n	5
Ä‘Ã³ng gÃ³i cáº©n tháº­n, giao hÃ ng nhanh. date 2022	5
Sáº£n pháº©n tá»‘t, giao hÃ ng nhanh	5
HÃ ng Ä‘Ãºng nhÆ° shop quáº£ng cÃ¡o	5
CÃ  phÃª ngon. MÃ¹a dá»‹ch á»Ÿ nhÃ  nhÃ¢m nhi	5
chuáº©n mÃ¹a giÃ£n cÃ¡ch ğŸ‘ğŸ»	5
cÃ  phÃª thÆ¡m ráº¥t thÆ¡m. phin Ä‘áº­m Ä‘áº·c uá»‘ng xong cáº£m giÃ¡c Ä‘á»i hÆ° áº£o Ä‘Æ°a em vÃ o cÆ¡n mÃª	5
CÃ  phÃª nhon thiá»‡t nhon láº§n sau sáº½ á»§ng há»™ ná»¯a	5
Sp OK. Háº¡n dÃ¹ng Ä‘áº¿n thÃ¡ng 2/2023	5
tiki giao hÃ ng siÃªu nhanh. vá»‹ cafe khÃ¡ á»•n	5
giÃ¡ ráº» mÃ  cháº¥t lÆ°á»£ng tuyá»‡t vá»i	5
cÃ fe ok láº¯m giao hÃ ng nhanh. Ä‘Ã³ng gÃ³i ká»‰	5
sáº£n pháº©m nhÆ° hÃ¬nh, mÃ¹i thÆ¡m	5
bao bÃ¬ Ä‘áº¹p, giao Ä‘Ãºng hÃ ng, mÃ  sáº£n pháº©m khuyáº¿n mÃ£i sao ko giao cÃ¹ng má»™t Ä‘Æ¡n cho gá»n thks	5
"HÃ ng ngon!
Giao nhanh"	5
cÃ  phÃª ngon, giao ráº¥t nhanh.	5
giao hÃ ng nhanh, uá»‘ng cÅ©ng dc	5
ÄÃ£ nháº­n hÃ ng, giao nhanh Ok	5
LÃºc mÃ¬nh mua cÃ³ Ä‘á»ƒ táº·ng kÃ¨m bá»‹ch cÃ phe 200gam nhÆ°ng giao thÃ¬ láº¡i ko cÃ³ lÃ  sao	5
Giao hÃ ng quÃ¡ nhanh, mua Ä‘á»£t khuyáº¿n mÃ£i nÃªn chá»‰ cÃ³ 175k cÃ²n tÄƒng thÃªm gÃ³i 200g	5
cháº¥t lÆ°á»£ng tuyá»‡t vá»i	5
Giao hoáº£ tá»‘c, ngon :)	5
cÃ  phÃª thÆ¡m, kÃ­ch cá»¡ háº¡t Ä‘Æ°á»£c xay ra khÃ¡ Ä‘á»u, Ä‘áº·t mua tÃºi 1kg tháº¥y hÆ¡i nhiá»u so vá»›i nhu cáº§u gia Ä‘Ã¬nh	5
cafe uá»‘ng khÃ¡	5
Giao hÃ ng nhanh.	5
ÄÃ³ng gÃ³i Ä‘áº¹p, chÆ°a pha uá»‘ng nÃªn chÆ°a biáº¿t cháº¥t lÆ°á»£ng. Tin lÃ  thÆ¡m ngon.	5
Cháº¥t lÆ°á»£ng nhÆ° hÃ¬nh	5
Cfe ngon. GiÃ¡ tá»‘t	5
CÃ  phÃª ngon â˜•	5
ChÆ°a sá»­ dá»¥ng nÃªn chÆ°a biáº¿t cháº¥t lÆ°á»£ng nhÆ°ng ráº¥t hÃ i lÃ²ng vá»›i shop.	5
Äc cá»§a nÃ³ Ä‘áº¥y	5
HÃ ng Ä‘Ãºng loáº¡i, Ä‘Ã³ng gÃ³i ká»¹. MÃ¹a dá»‹ch mÃ  váº«n cá»‘ gáº¯ng ship. Ráº¥t thÃ­ch.	5
cafe máº¡nh dá»¯ váº­y	5
Sáº£n pháº©m cháº¥t lÆ°á»£ng, mÃ¬nh mua lÃ m quÃ  cho báº¡n á»Ÿ nÆ°á»›c ngoÃ i, báº¡n mÃ¬nh ráº¥t thÃ­ch	5
GiÃ¡ cá»±c kÃ¬ tá»‘t	5
MÃ¹a dá»‹ch á»Ÿ Ä‘n mÃ  tiki giao hÃ ng sau 1 ngÃ y Ä‘áº·t. Ráº¥t nhanh, cáº£m Æ¡n nhiá»u áº¡.	5
GiÃ¡ tá»‘t	5
Ä‘Ã£ nháº­n hÃ ng	5
Vá»«a háº¿t 1 bá»‹ch, Ä‘Ã£ order thÃªm 2 bá»‹ch mÃ  giao tá»« Ä‘Ã  náºµng nÃªn h chÆ°a cÃ³ :(	5
Ä‘Ã³ng gÃ³i sáº£n pháº©m cáº©n tháº­n. caphe nÃ y mÃ¬nh Ä‘Ã£ dÃ¹ng tá»« lÃ¢u rá»“i. ngon.	5
giao hÃ ng nhanh.	5
ok	5
Sáº£n pháº©m Ä‘Ã³ng gÃ³p cáº©n tháº­n, vá»‹ cÃ  phÃª khÃ¡ ok, phÃ¹ há»£p cho ngÆ°á»i thÃ­ch uá»‘ng cÃ  phÃª á»Ÿ nhÃ 	5
Ngon	5
Ngon bá»• ráº» ğŸ˜‚	5
Báº£n thÃ¢n cÅ©ng thÆ°á»ng xuyÃªn uá»‘ng táº¡i quÃ¡n, nÃªn thÃ­ch vá»‹ cafe HL	5
	5
Cf ngon nÃ¨! Má»›i mua thiÃªm :))	5
Sáº£n pháº©m tá»‘t, Ä‘Ãºng nhÆ° quáº£ng cÃ¡o, vá»‹ Ä‘áº­m, giao hÃ ng nhanh.	5
Ä‘Ã£ nháº­n	5
to váº­t	5
"Cf ngon
HÃ¡hhsnbdjsgwjxgwnbncd"	5
"MÃ¹a dá»‹ch mua vá» tá»± pha cháº¿, cÃ  phÃª thÆ¡m ngon.
ÄÃ³ng gÃ³i cáº©n tháº­n."	5
Mua kmai 179k gÃ³i nÃ y Ä‘c táº·ng thÃªm gÃ³i nhá». ngon ráº» giao nhanh 2h.	5
quÃ¡ ngon	5
Ráº¥t thÃ­ch. Dá»‹ch nÃªn chá» siÃªu lÃ¢u. Cháº¯c 3 tuáº§n má»›i cÃ³ hÃ ng	5
ok	5
ÄÃºng gu cafe cá»§a mÃ¬nh, tá»« ngÃ y uá»‘ng cafe nÃ y chuyá»ƒn sang uá»‘ng cafe k Ä‘c luÃ´n má»›i ghÃª chá»© ğŸ˜‚	5
	5
giao gÃ ng Ä‘Ãºng sáº£n pháº©m láº¡i Ä‘Æ°á»£c táº·ng thÃªm gÃ³i 200g thÃ­ch ghÃª	5
	5
	5
dong goi tot. chua dung nen ko biet co bang chat luong nhu tai quan hay ko.	5
	5
cafe ngon nhÆ°ng Tiki giao siÃªu cháº­m, Ä‘áº·t gáº§n 1 thÃ¡ng má»›i giao	5
Cáº­u giao hÃ ng lá»… phÃ©p nÃ³i chuyá»‡n ráº¥t dá»… thÆ°Æ¡ng	5
Vá»‹ ok	5
Giao nhanh. ChÆ°a dÃ¹ng nÃªn chÆ°a biáº¿t cháº¥t lÆ°á»£ng.	5
TÃ´i Ä‘Ã£ nháº­n Ä‘uoc hÃ ng va Ä‘Ã£ dÃ¹ng cáº£m nháº­n cafe ráº¥t ngon	5
giao hÃ ng nhanh, date má»›i.Thanks shop.sáº½ á»§ng há»™ tiáº¿p	5
Äáº·t tá»‘i muá»™n Ä‘áº¿n trÆ°a ngÃ y sau giao rá»“i, giao hÃ ng nhanh	5
VÃ¬ mÃ¬nh thÆ°á»ng uá»‘ng loáº¡i cÃ  phÃª nÃ y vÃ  giao nháº­n ok	5
date má»›i, hÃ ng chÃ­nh hÃ£ng. nÃªn mua cÃ¡c bn nhÃ©	5
HÃ ng cháº¥t lÆ°á»£ng nhÆ° hÃ¬nh áº£nh QC trÃªn App. Tks	5
Cafe ngon nha má»i ngÆ°á»i. NÃªn mua! ÄÃ£ uá»‘ng vÃ  cáº£m nháº­n	5
dáº¡ ngon áº¡, cÃ²n ko ngon cháº¯c lÃ  do mÃ¬nh pha cháº¿	5
	5
giÃ¡ quÃ¡ tá»‘t. cÃ²n Ä‘x táº·ng thÃªm gÃ³i 200gr	5
ÄÃºng cháº¥t lÆ°á»£ng cuat highland. dÃ¹ng tá»‘t.	5
Caphe cÆ¡ báº£n tá»‘t, hÆ¡i nhiá»u hÆ°Æ¡ng liá»‡u	5
Cf uá»‘ng Ä‘Æ°á»£c, há»£p vá»›i pha phin cf sá»¯a	5
ÄÃ£ nháº­n Ä‘Æ°á»£c hÃ ng, Ä‘Ã³ng gÃ³i Ä‘áº¹p.	5
"Sáº£n pháº©m tá»‘t
Giao hÃ ng nhanh
Láº§n sau á»§ng há»™ tiáº¿p"	5
hÃ ng Ä‘Ãºng mÃ´ táº£, giao hÃ ng thÃ¢n thiá»‡n	5
CÃ  phÃª Ä‘áº­m vá»‹ giÃ¡ km giÃ¡ tá»‘t ná»¯a	5
Sáº£n pháº©m ok, mua Tiki yÃªn tÃ¢m hÃ ng chÃ­nh hÃ£ng.	5
Sáº£n pháº©m vÃ  giÃ¡ sáº£n pháº©m ráº¥t tá»‘t	5
Ä‘Ã³ng há»™p gá»n gÃ ng,cáº©n tháº­n,ship nhanh.	5
cÃ  phÃª thÆ¡m, Ä‘c táº·ng kÃ¨m gÃ³i 200g	5
ÄÃ³ng gÃ³i Ä‘áº¹p, sáº©n pháº©m Ä‘Ãºng mÃ´ táº£	5
ChÆ°a sá»­ dá»¥ng nÃªn chÆ°a biáº¿t... hihi	5
sáº£n pháº©m Ä‘Ãºng nhÆ° cÃ¡o, cho 5 sao	5
HÃ ng giao nhanh, Ä‘Ã³ng gÃ³i ráº¥t cáº©n tháº­n	5
GiÃ¡ tá»‘t, sáº£n pháº©m khá»i bÃ n...	5
sáº£n pháº©m ráº¥t cháº¥t lÆ°á»£ng ğŸ‘	5
Giao hÃ ng nhanh, gÃ³i cf cÃ²n má»›i, HSD ráº¥t xa	5
Äong gÃ³i cáº©n tháº­n. HÃ ng date xa.	5
ráº¥t hÃ i lÃ²ng áº¡, cafe uá»‘ng ngon	5
HÃ ng chuáº©n. Giao hÃ ng nhanh. Ráº¥t hÃ i lÃ²ng	5
Ráº¥t ngon, y nhÆ° á»Ÿ quÃ¡n Highland.	5
Uá»‘ng cÅ©ng Ä‘Æ°á»£c, nhÆ°ng háº¡t to quÃ¡, pha phin cháº£y o o.	5
hÃ ng ok nhÆ°ng do dá»‹ch giao lÃ¢u quÃ¡	5
Giao hÃ nh nhanh, cÃ  phÃª khÃ¡ ngon	5
giao trá»… háº¹n mÃ¹a dá»‹ch. nhÆ°ng váº«n ráº¥t ok	5
sáº£n pháº©m tá»‘t, giao hÃ ng nhanh	5
giao hÃ ng nhanh trong mÃ¹a dá»‹ch , date sp xa	5
HÃ ng Ä‘áº£m báº£o cháº¥t lÆ°á»£ng.	5
giao hÃ ng nhanh, cÃ  phÃª cháº¥t lÆ°á»£ng	5
Giao hÃ ng nhanh. ÄÃ³ng gÃ³i ká»¹. Cháº¥t lÆ°á»£ng tuyá»‡t vá»i.	5
ThÆ°Æ¡ng hiá»‡u ná»•i tiáº¿ng nhÃ©	5
GiÃ¡ ráº» hÆ¡n mua ngoÃ i highland	5
HÃ ng giao nhanh . ÄÃ³ng gÃ³i cáº©n tháº­n.	5
giao nhanh, cáº©n tháº­n. date xa	5
cafe thÆ¡m, pha uá»‘ng khÃ¡ á»•n	5
CÃ  phÃª thÆ¡m ngon, date má»›i	5
ÄÃ³ng gÃ³i ká»¹ nháº­n hÃ ng cháº¥t nhÃ©	5
KhÃ´ng hÃ i lÃ²ng vá»›i pháº§n mÃ©p dÃ­nh cá»§a sáº£n pháº©m do k cÃ³ zipper Ä‘á»ƒ Ä‘Ã³ng kÃ­n gÃ³i cafe Ä‘ang sá»­ dá»¥ng dá»Ÿ dang	5
giÃ¡ háº¡p lÃº, giao hÃ ng nhanh	5
CÃ  phÃª thÆ¡m, nguyÃªn cháº¥t	5
ráº¥t Ä‘Ãºng giá» giao máº·c dÃ¹ dá»‹ch	5
GiÃ¡ á»•n, cháº¥t lÆ°á»£ng cháº¥p nháº­n Ä‘Æ°á»£c	5
MÃ¬nh Ä‘Ã£ quen hÆ°Æ¡ng vá»‹ cá»§a sáº£n pháº©m nÃ y	5
máº«u mÃ£ Ä‘áº¹p cháº¥t lÆ°á»£ng	5
giao nhanh, date má»›i tá»›i táº­n 2023	5
Há»£p lÃ½ nhÆ°ng giao trá»ƒ háº¹n	5
Cháº¥t lÆ°Æ¡ng. Giao hÃ ng nhanh	5
bá»™t lá»ng pha Ä‘áº¯ng	5
Giao hÃ ng nhanh, dá»‹ch vá»¥ tá»‘t	5
CÃ  PhÃª ngon, Ä‘Ã³ng gÃ³i tá»‘t.	5
HÆ°Æ¡ng vá»‹ mÃ¬nh thÃ­ch	5
ÄÃºng nhÆ° giá»›i thiá»‡u	5
ngon bá»• ráº» hÆ¡n ngoÃ i thá»‹ trÆ°á»ng	5
HÆ°Æ¡ng vá»‹ váº«n nhÆ° máº¥y láº§n mÃ¬nh uá»‘ng bá»‹t 200g. Há»£p Ã½.	5
Cf ngon, date hÆ¡i ngáº¯n nhÆ°ng k sao	5
PhÃ¹ há»£p cho nhá»¯ng báº¡n thÃ­ch vá»‹ Ä‘áº­m Ä‘áº·c.	5
á»”n Ã¡p trong mÃ¹a dá»‹ch	5
sáº£n pháº©m Ä‘Ã³ng gÃ³i Ä‘áº¹p	5
jjjkkkkkkkkkkkkkkkkkk	5
ngon, Ä‘Ãºng vá»‹ á»Ÿ highlands hay uá»‘ng	5
sáº£n pháº©m huong tá»± nhiÃªn	5
giao hang nhanh. san pham y hinh	5
cÃ  phÃª chÃ­nh hÃ£ng	5
CÃ  phÃª ráº¥t ngon nhÃ©	5
Giao nhanh, ngon, ráº»	5
giao hÃ ng nhanh, sáº£n pháº©m uy tÃ­n	5
Cháº¥t lÆ°á»£ng. Giao nhanh.	5
Cafe ngon. MÃ¬nh thÃ­ch.	5
Cf ráº¥t thÆ¡m cÅ©ng gáº§n giá»‘ng vá»›i á»Ÿ quÃ¡n ráº¥t Ä‘Ã¡ng mua nha	5
tá»‘t giá»‘ng nhÆ° miÃªu táº£	5
Date má»›i! â¤ï¸	5
cafe ngon, giao hÃ ng nhanh	5
Ráº¥t hÃ i lÃ²ng	5
Giao hÃ ng nhanh	5
Ä‘Ã£ nháº­n Ä‘Æ°á»£c hÃ ng	5
Giao ráº¥t nhanh	5
Giao hÃ ng nhanh	5
date lÃ¢u. giÃ¡ tá»‘t. Ä‘Ã¡ng mua	5
Tuyá»‡t vá»i...	5
